#genome,Exclude,Distance,prct_difference,prct_difference_bin,C_sequences,U_sequences,C_sequences_prct,U_sequences_prct,num_of_neighbor_seqs,prct_of_neighbor_seqs,species_detected,num_of_human_seqs,prct_human,num_of_domain_seqs,prct_domain,num_of_kingdom_seqs,prct_kingdom,num_of_phylum_seqs,prct_phylum,num_of_class_seqs,prct_class,num_of_order_seqs,prct_order,num_of_family_seqs,prct_family,num_of_genus_seqs,prct_genus,num_of_species_seqs,prct_species,taxid,species_taxid,superkingdom,species,completeness,contamination,mash_distance,mash_10K_distance,min_dist,neighborhood_mean,neighborhood_median,TP,TN,FP,FN,k,l,s,confidence_level,masking,classifier
G001587575,G001587655,0.011627976000000002,1.1538300158038806,1,6438414,228250,96.58,3.42,105901,1.59,                Arc I group archaeon BMIXfssc0709_Meth_Bin006,0,0.0,6437628,96.57000000000001,0,0.0,6448499,96.74000000000001,6432450,96.5,23137,0.38,21722,0.37,20191,0.33999999999999997,256240,3.9,1706438.0,1706438.0,Archaea,Arc I group archaeon BMIXfssc0709_Meth_Bin006,90.98,2.72,0.00165343,0.00165343,0.00165343,0.198533405,0.23011,6437628,0,0,229039,35,31,7,0.0,unmasked,k=35 conf=0.0
G001418715,G900109425,0.010483746,1.0410813599688122,1,6650752,15915,99.76,0.24,6608553,99.13,                Thermococcus thioreducens,0,0.0,6650195,99.75,0,0.0,6649757,99.74,6649675,99.74,6649677,99.74,6649645,99.74,6648549,99.73,6631048,99.47,277988.0,277988.0,Archaea,Thermococcus thioreducens,98.4,0.0,0.000215742,0.000215742,0.000215742,0.16158307419999998,0.18246700000000002,6650195,0,0,16472,35,31,7,0.0,unmasked,k=35 conf=0.0
G001437625,G001438895,0.009259677,0.9202750438329327,1,6633257,33409,99.5,0.5,6548538,98.23,                Nitrosopumilus sp. BACL13 MAG-121220-bin23,0,0.0,6632791,99.49,0,0.0,6633783,99.52,1599,0.03,6610695,99.17,6610694,99.17,6612074,99.19000000000001,6607739,99.13,1655561.0,1655561.0,Archaea,Nitrosopumilus sp. BACL13 MAG-121220-bin23,99.51,0.97,0.017184400000000002,0.017184400000000002,0.017184400000000002,0.16400784,0.187,6632791,0,0,33876,35,31,7,0.0,unmasked,k=35 conf=0.0
G900079115,G000007005,0.011243566000000002,1.1159707060296842,1,6635833,20966,99.54,0.31,5822393,87.34,                  Saccharolobus solfataricus,0,0.0,6632769,99.49000000000001,0,0.0,6632768,99.49000000000001,6632766,99.49000000000001,6632812,99.49000000000001,6635687,99.53,5949080,89.23,5950397,89.24000000000002,2287.0,2287.0,Archaea,Sulfolobus solfataricus,100.0,0.0,0.00334352,0.00334352,0.00334352,0.034571669,0.008099185000000002,6632769,0,0,33898,35,31,7,0.0,unmasked,k=35 conf=0.0
G000022425,G000245135,0.009329546,0.9271758907950484,1,6662936,2777,99.94,0.04,17417,0.26,                    Sulfolobus islandicus M.16.27,0,0.0,6662823,99.94,0,0.0,6662797,99.94,6662796,99.94,6662683,99.94,6662763,99.94,6351721,95.27000000000001,6351527,95.27000000000001,427318.0,43080.0,Archaea,Sulfolobus islandicus,99.4,0.0,0.000780658,0.000780658,0.000780658,0.0028794309000000004,0.00272035,6662823,0,0,3844,35,31,7,0.0,unmasked,k=35 conf=0.0
G001560285,G001481595,0.011082691,1.100120881913258,1,6666666,1,100.0,0.0,6666436,100.0,                  Sulfolobus acidocaldarius,0,0.0,6666666,100.0,0,0.0,6666666,100.0,6666666,100.0,6666666,100.0,6666666,100.0,6666440,100.0,6666439,100.0,2285.0,2285.0,Archaea,Sulfolobus acidocaldarius,99.4,0.0,0.00014350299999999998,0.00014350299999999998,7.15897e-05,8.834420000000001e-05,9.55247e-05,6666666,0,0,1,35,31,7,0.0,unmasked,k=35 conf=0.0
G001560515,G001560565,0.010205313,1.0136194579594444,1,6666667,0,100.0,0.0,6666470,100.0,                  Sulfolobus acidocaldarius,0,0.0,6666667,100.0,0,0.0,6666667,100.0,6666667,100.0,6666667,100.0,6666667,100.0,6666470,100.0,6666470,100.0,2285.0,2285.0,Archaea,Sulfolobus acidocaldarius,99.4,0.0,0.000557238,0.000557238,7.15897e-05,9.074133e-05,9.55247e-05,6666667,0,0,0,35,31,7,0.0,unmasked,k=35 conf=0.0
G001560115,G001560165,0.01068364,1.0607906587819294,1,6666666,1,100.0,0.0,6666446,100.0,                  Sulfolobus acidocaldarius,0,0.0,6666666,100.0,0,0.0,6666666,100.0,6666666,100.0,6666666,100.0,6666666,100.0,6666449,100.0,6666449,100.0,2285.0,2285.0,Archaea,Sulfolobus acidocaldarius,99.4,0.0,0.00014350299999999998,0.00014350299999999998,9.55247e-05,0.00012670166999999998,0.000119496,6666666,0,0,1,35,31,7,0.0,unmasked,k=35 conf=0.0
G000371805,G000363885,0.011584994,1.1495978197618606,1,6666667,0,100.0,0.0,6658875,99.88,                    Methanocaldococcus villosus KIN24-T80,0,0.0,6666667,100.0,0,0.0,6666667,100.0,6666667,100.0,6666667,100.0,6666667,100.0,6661114,99.92,6658911,99.88,1069083.0,667126.0,Archaea,Methanocaldococcus villosus,98.81,0.24,0.0011089000000000001,0.0011089000000000001,0.0011089,0.24480649,0.2795015,6666667,0,0,0,35,31,7,0.0,unmasked,k=35 conf=0.0
G000190135,G000190155,0.012389386,1.228761589985103,1,6666460,207,100.0,0.0,135940,2.04,                    Methanobrevibacter smithii TS96A,0,0.0,6666310,99.99,0,0.0,6666309,99.99,6666308,99.99,6666307,99.99,6666307,99.99,6666236,99.99,6507232,97.6,911133.0,2173.0,Archaea,Methanobrevibacter smithii,100.0,0.0,0.00141786,0.00141786,0.00141786,0.133595988,0.1371682,6666310,0,0,357,35,31,7,0.0,unmasked,k=35 conf=0.0
G000724145,G000746745,0.021502154,2.119685017939807,2,6614542,52124,99.22,0.78,995589,14.93,              Marine Group I thaumarchaeote SCGC AAA799-E16,0,0.0,6614539,99.21000000000001,0,0.0,6614960,99.24000000000001,1758,0.04,2403,0.05,2402,0.05,2236,0.04,2218041,33.28,1502292.0,1502292.0,Archaea,Marine Group I thaumarchaeote SCGC AAA799-E16,85.11,2.59,0.010783599999999999,0.010783599999999999,0.0102298,0.11078211,0.126974,6614539,0,0,52128,35,31,7,0.0,unmasked,k=35 conf=0.0
G001717035,G001717005,0.022239411,2.191291846926649,2,6315052,351297,94.73,5.27,6132673,91.99,                  Candidatus Methanomethylicus mesodigestum,0,0.0,6248308,93.72999999999999,0,0.0,6268559,94.02000000000001,6265580,93.96,6243725,93.65,6194062,92.91000000000001,6193913,92.91000000000001,6235612,93.53,1867258.0,1867258.0,Archaea,Candidatus Methanomethylicus mesodigestum,99.07,0.93,0.011397399999999999,0.011397399999999999,0.0113974,0.25139744,0.295981,6248308,0,0,418359,35,31,7,0.0,unmasked,k=35 conf=0.0
G000813245,G000446015,0.018195425,1.7976483461716404,2,6143909,522354,92.16,7.84,6123081,91.85,                    Thermofilum carboxyditrophus 1505,0,0.0,6143332,92.15,0,0.0,6143128,92.15,6141021,92.12,6141147,92.15,6139281,92.14,6138501,92.11999999999999,6138065,92.13000000000001,697581.0,1483572.0,Archaea,Thermofilum carboxyditrophus,99.26,0.74,0.0123533,0.0123533,0.0123533,0.26761823,0.295981,6143332,0,0,523335,35,31,7,0.0,unmasked,k=35 conf=0.0
G000022465,G000024305,0.018130286000000002,1.7912902994252577,2,6360733,249249,95.41,3.74,64819,0.97,                    Sulfolobus islandicus Y.G.57.14,0,0.0,6357547,95.36,0,0.0,6359598,95.36,6355441,95.30999999999999,6352073,95.25,6354084,95.27000000000001,5578350,83.59,5571927,83.43,439386.0,43080.0,Archaea,Sulfolobus islandicus,99.4,0.0,0.00916565,0.00916565,0.00737682,0.013639891000000001,0.0154274,6357547,0,0,309120,35,31,7,0.0,unmasked,k=35 conf=0.0
G000022405,G000189555,0.020868978,2.058130950131365,2,6471794,94262,97.08,1.41,2711,0.04,                    Sulfolobus islandicus M.14.25,0,0.0,6463574,96.94999999999999,0,0.0,6464688,96.94999999999999,6462747,96.92999999999999,6462045,96.9,6468700,97.0,6060906,90.85000000000001,6055885,90.77,427317.0,43080.0,Archaea,Sulfolobus islandicus,99.4,0.0,0.013550799999999998,0.013550799999999998,0.00564181,0.012542315,0.01392525,6463574,0,0,203093,35,31,7,0.0,unmasked,k=35 conf=0.0
G000824705,G000016525,0.020325247,2.005230769602498,2,6273504,393142,94.1,5.9,2441238,36.62,                  Methanobrevibacter smithii,0,0.0,6271907,94.08,0,0.0,6290392,94.36,6264258,93.98,6263862,93.98,6261712,93.97,6260630,94.03,3822674,57.5,2173.0,2173.0,Archaea,Methanobrevibacter smithii,100.0,1.6,0.013354699999999999,0.013354699999999999,0.0133547,0.13084042,0.1298451,6271907,0,0,394760,35,31,7,0.0,unmasked,k=35 conf=0.0
G001628485,G001628455,0.021555427999999998,2.1248616686175086,2,6616726,49941,99.25,0.75,6091763,91.38,            Marine group II euryarchaeote REDSEA-S11_B3N4,0,0.0,6616206,99.24000000000001,0,0.0,6616969,99.25000000000001,1528,0.02,807,0.01,804,0.01,805,0.01,6233037,93.5,1811651.0,1811651.0,Archaea,Marine group II euryarchaeote REDSEA-S11_B3N4,81.96,0.0,0.00808024,0.00808024,0.00808024,0.121943034,0.07283029999999999,6616206,0,0,50461,35,31,7,0.0,unmasked,k=35 conf=0.0
G000949015,G001399695,0.024400408999999998,2.4007758692304897,2,742618,67306,11.14,1.01,112910,1.69,                  Acidiplasma sp. MBA-1,0,0.0,742614,11.139999999999999,0,0.0,743146,11.149999999999999,741657,11.129999999999999,741621,11.129999999999999,732520,10.989999999999998,732515,10.989999999999997,539684,8.089999999999998,1293648.0,1293648.0,Archaea,Acidiplasma sp. MBA-1,98.78,2.44,0.00737682,0.00737682,0.00396608,0.155583379,0.23011,742614,0,0,5924053,35,31,7,0.0,unmasked,k=35 conf=0.0
G000300255,G000437835,0.017796261,1.758678318809448,2,6102777,563405,91.54,8.45,6053974,90.81,                    Candidatus Methanomethylophilus alvus Mx1201,0,0.0,6102253,91.53,0,0.0,6106596,91.6,6099511,91.51,6082130,91.26000000000002,6073866,91.16,6073285,91.14999999999999,6095563,91.51,1236689.0,1291540.0,Archaea,Candidatus Methanomethylophilus alvus,98.39,0.81,0.011756399999999998,0.011756399999999998,0.011756399999999998,0.22057514,0.231646,6102253,0,0,564414,35,31,7,0.0,unmasked,k=35 conf=0.0
G000969885,G001402855,0.016377064,1.6199552913251591,2,6623523,42015,99.35,0.63,51572,0.77,                    Methanosarcina thermophila TM-1,0,0.0,6623427,99.35,0,0.0,6623831,99.36,6623184,99.33999999999999,6623188,99.33999999999999,6619495,99.27,6618889,99.26,963720,14.44,523844.0,2210.0,Archaea,Methanosarcina thermophila,99.84,0.65,0.0037263000000000005,0.0037263000000000005,0.0023533,0.108650439,0.169307,6623427,0,0,43240,35,31,7,0.0,unmasked,k=35 conf=0.0
G001433455,G000151105,0.034525996,3.3743355197544926,4,5942508,724151,89.14,10.86,5597717,83.97,                Thermococcus barophilus,0,0.0,5941122,89.12,0,0.0,5945850,89.16999999999999,5937600,89.10000000000001,5938302,89.12,5938559,89.16000000000001,5933642,89.09,5904216,88.66999999999999,55802.0,55802.0,Archaea,Thermococcus barophilus,99.5,0.5,0.0253218,0.0253218,0.0253218,0.19430708,0.215214,5941122,0,0,725545,35,31,7,0.0,unmasked,k=35 conf=0.0
G002009985,G002011035,0.039295977,3.8284273942831875,4,6341029,325634,95.12,4.88,6309231,94.64,            Candidatus Bathyarchaeota archaeon JdFR-10,0,0.0,6339747,95.09,0,0.0,6351224,95.26,19194,0.31000000000000005,17860,0.29000000000000004,17846,0.31,17825,0.31,6338732,95.12,1935118.0,1935118.0,Archaea,Candidatus Bathyarchaeota archaeon JdFR-10,97.09,6.47,0.00351914,0.00351914,0.00351914,0.263438914,0.295981,6339747,0,0,326920,35,31,7,0.0,unmasked,k=35 conf=0.0
G001918745,G001919175,0.044070486,4.280067381494346,4,6371371,295293,95.57,4.43,6303412,94.55,              Crenarchaeota archaeon 13_1_40CM_3_52_17,0,0.0,6371237,95.57000000000001,0,0.0,6355788,95.35000000000001,4251,0.06999999999999999,4697,0.09999999999999999,4691,0.09999999999999999,4678,0.09999999999999999,6367061,95.54,1805096.0,1805096.0,Archaea,Crenarchaeota archaeon 13_1_40CM_3_52_17,91.12,0.93,0.00574147,0.00574147,0.00574147,0.25517624699999997,0.295981,6371237,0,0,295430,35,31,7,0.0,unmasked,k=35 conf=0.0
G001917995,G001918475,0.045824042999999995,4.445222810462382,4,5769952,896647,86.55,13.45,1709345,25.64,              Thaumarchaeota archaeon 13_1_40CM_4_38_7,0,0.0,5769265,86.53999999999999,0,0.0,5781416,86.75000000000001,27917,0.43000000000000005,36603,0.56,34892,0.55,36393,0.5900000000000001,3171184,47.64,1805394.0,1805394.0,Archaea,Thaumarchaeota archaeon 13_1_40CM_4_38_7,80.91,0.0,0.0177122,0.0177122,0.0177122,0.21163695,0.295981,5769265,0,0,897402,35,31,7,0.0,unmasked,k=35 conf=0.0
G001627235,G001627075,0.040166961,3.911031821569072,4,6363172,303438,95.45,4.55,1023278,15.35,              Nitrosopelagicus sp. REDSEA-S31_B2,0,0.0,6350615,95.25999999999999,0,0.0,6347710,95.22000000000001,11399,0.17,22414,0.33999999999999997,21411,0.31,6206704,93.07000000000001,2845328,42.63,1811586.0,1811586.0,Archaea,Nitrosopelagicus sp. REDSEA-S31_B2,92.64,1.05,0.020016700000000002,0.020016700000000002,0.0200167,0.16192225,0.21685700000000002,6350615,0,0,316052,35,31,7,0.0,unmasked,k=35 conf=0.0
G000241145,G000204585,0.031894266,3.1225614972844458,4,5614565,1050688,84.22,15.76,5377077,80.66,                  Candidatus Nitrosarchaeum limnium BG20,0,0.0,5609396,84.14,0,0.0,5628097,84.42,58687,0.8500000000000001,5565130,83.47000000000001,5564258,83.50000000000001,5561153,83.45,5556529,83.49,859192.0,1007084.0,Archaea,Candidatus Nitrosoarchaeum limnia,99.03,5.83,0.03369369999999999,0.03369369999999999,0.033693699999999986,0.19636877,0.210897,5609396,0,0,1057271,35,31,7,0.0,unmasked,k=35 conf=0.0
G000956175,G001674955,0.044225125,4.294647291241177,4,4838069,1826822,72.57,27.4,3754968,56.32,                Candidatus Nitrosopumilus adriaticus,0,0.0,4820868,72.31,0,0.0,4862707,72.95,120763,1.83,4523158,67.83000000000001,4518565,67.76,4515625,67.74,4495237,67.36000000000001,1580092.0,1580092.0,Archaea,Candidatus Nitrosopumilus adriaticus,100.0,0.0,0.08878330000000001,0.08878330000000001,0.08878330000000001,0.17633523,0.184515,4820868,0,0,1845799,35,31,7,0.0,unmasked,k=35 conf=0.0
G001516655,G001516665,0.04544998,4.410024791514505,4,6158000,507578,92.37,7.61,5957311,89.36,                  Thermoproteus sp. JCHS_4,0,0.0,6155852,92.34,0,0.0,6171221,92.58,6149756,92.25,6146970,92.21000000000001,6146770,92.21000000000001,6140583,92.11,6137544,92.09,1714258.0,1714258.0,Archaea,Thermoproteus sp. JCHS_4,98.1,2.21,0.024214199999999998,0.024214199999999998,0.0242142,0.23564802,0.2533915,6155852,0,0,510815,35,31,7,0.0,unmasked,k=35 conf=0.0
G000247545,G000016385,0.048820567,4.726552539585563,4,5727407,938325,85.91,14.07,5564225,83.46,                    Pyrobaculum oguniense TE7,0,0.0,5723362,85.85,0,0.0,5733124,85.99000000000001,5719061,85.79,5717558,85.76,5716955,85.78000000000002,5712789,85.75000000000001,5700302,85.54999999999998,698757.0,99007.0,Archaea,Pyrobaculum oguniense,100.0,0.0,0.03923309999999999,0.03923309999999999,0.039233099999999986,0.25414331,0.295981,5723362,0,0,943305,35,31,7,0.0,unmasked,k=35 conf=0.0
G001006085,G000186365,0.03156216,3.0907265446302596,4,5915601,751061,88.73,11.27,5866670,88.0,                    Desulfurococcus mucosus DSM 2161,0,0.0,5914846,88.72,0,0.0,5917266,88.76999999999998,5913708,88.72999999999999,5911121,88.67999999999999,5910512,88.68,5907389,88.62,5901936,88.53,675631.0,2274.0,Archaea,Desulfurococcus mobilis,93.39,1.27,0.00508714,0.00508714,0.00508714,0.266891614,0.295981,5914846,0,0,751821,35,31,7,0.0,unmasked,k=35 conf=0.0
G000698785,G000730285,0.058965184000000004,5.670682533256397,6,2892567,3772154,43.39,56.58,2682654,40.24,                    Nitrososphaera viennensis EN76,0,0.0,2879500,43.19,0,0.0,2893378,43.32,2833042,42.46,2833523,42.36000000000001,2828329,42.120000000000005,2827418,41.64,2841160,41.279999999999994,926571.0,1034015.0,Archaea,Nitrososphaera viennensis,100.0,0.97,0.11478,0.11478,0.11478,0.2726389,0.295981,2879500,0,0,3787167,35,31,7,0.0,unmasked,k=35 conf=0.0
G000402075,G000399765,0.065784923,6.298235511180783,6,5617122,1048253,84.26,15.72,3743362,56.15,              Thaumarchaeota archaeon SCGC AAA007-O23,0,0.0,5453716,81.81,0,0.0,5009162,75.13,284977,4.29,192689,2.9,191350,2.9000000000000004,207659,3.11,4732874,70.99,913333.0,913333.0,Archaea,Thaumarchaeota archaeon SCGC AAA007-O23,97.33,2.09,0.0455159,0.0455159,0.0455159,0.15440749,0.128937,5453716,0,0,1212951,35,31,7,0.0,unmasked,k=35 conf=0.0
G000328945,G000875775,0.07306212200000001,6.961620466114376,6,4158537,2505764,62.38,37.59,15033,0.23,                Nitrosopumilus sp. SJ,0,0.0,4139012,62.08,0,0.0,4171475,62.629999999999995,129933,1.98,2910551,43.65,2906566,43.61,2916442,43.71,2357086,35.5,1027374.0,1027374.0,Archaea,Nitrosopumilus sp. SJ,96.12,0.0,0.11990899999999999,0.11990899999999999,0.119909,0.1454033,0.1338895,4139012,0,0,2527655,35,31,7,0.0,unmasked,k=35 conf=0.0
G001663375,G001516725,0.076709577,7.291706403293355,6,6433609,230936,96.5,3.46,6349676,95.25,                  Caldivirga sp. MU80,0,0.0,6433181,96.49000000000001,0,0.0,6434322,96.52,6432567,96.49000000000001,6432606,96.49000000000002,6432296,96.49000000000002,6417555,96.27000000000001,6414508,96.22000000000001,1650354.0,1650354.0,Archaea,Caldivirga sp. MU80,97.06,0.74,0.0227838,0.0227838,0.0227838,0.25548708,0.295981,6433181,0,0,233486,35,31,7,0.0,unmasked,k=35 conf=0.0
G000020905,G000231015,0.05143719099999999,4.971297606373371,6,6016322,649812,90.24,9.75,1642495,24.64,                    Desulfurococcus amylolyticus 1221n,0,0.0,6015631,90.24,0,0.0,6023471,90.35,6014258,90.23000000000002,6011679,90.2,6010109,90.16,6008943,90.13000000000001,6007004,90.10000000000001,490899.0,477693.0,Archaea,Desulfurococcus kamchatkensis,100.0,0.0,0.0331502,0.0331502,0.0331502,0.24019533,0.295981,6015631,0,0,651036,35,31,7,0.0,unmasked,k=35 conf=0.0
G000495735,G000495715,0.051440274,4.97158547043435,6,6413818,252270,96.21,3.78,2453429,36.8,                    uncultured Acidilobus sp. JCHS,0,0.0,6412755,96.19,0,0.0,6412521,96.19,6410264,96.14999999999999,6408247,96.13,6408232,96.13000000000001,6407120,96.10999999999999,5597852,83.97,1410576.0,1410576.0,Archaea,uncultured Acidilobus sp. JCHS,99.05,0.0,0.030677,0.030677,0.030677,0.2093106,0.295981,6412755,0,0,253912,35,31,7,0.0,unmasked,k=35 conf=0.0
G000025525,G000091665,0.070697047,6.746727324625789,6,4950878,1712006,74.26,25.68,1846192,27.69,                  Methanocaldococcus sp. FS406-22,0,0.0,4923507,73.85,0,0.0,4985450,74.76000000000002,4883163,73.22,4886679,73.3,4872084,73.07000000000001,4857577,72.88999999999999,4598624,69.06,644281.0,644281.0,Archaea,Methanocaldococcus sp. FS406-22,99.52,0.0,0.13097899999999998,0.13097899999999998,0.110193,0.20472739999999998,0.2248205,4923507,0,0,1743160,35,31,7,0.0,unmasked,k=35 conf=0.0
G000018485,G000220645,0.055658350999999995,5.364327018719914,6,4708872,1954454,70.63,29.32,2039231,30.59,                    Methanococcus maripaludis C6,0,0.0,4674585,70.11,0,0.0,4751962,71.28999999999999,4620401,69.32000000000001,4629708,69.48,4616250,69.30000000000003,4602411,69.12000000000002,4577413,68.80999999999999,444158.0,39152.0,Archaea,Methanococcus maripaludis,99.98,0.0,0.0987984,0.0987984,0.0968463,0.21850377,0.2533915,4674585,0,0,1992082,35,31,7,0.0,unmasked,k=35 conf=0.0
G000828575,G000145295,0.07637825599999999,7.261788889522506,6,3395659,3269388,50.93,49.04,1637282,24.56,                  Methanothermobacter sp. CaT2,0,0.0,3381691,50.72,0,0.0,3396301,50.97000000000001,3341283,50.12,3337652,50.11000000000001,3328503,49.970000000000006,3310506,49.82999999999999,2703175,40.74,866790.0,866790.0,Archaea,Methanothermobacter sp. CaT2,100.0,0.0,0.07707080000000001,0.07707080000000001,0.07707080000000001,0.24080298,0.295981,3381691,0,0,3284976,35,31,7,0.0,unmasked,k=35 conf=0.0
G001629165,G001628475,0.070617536,6.739491093107638,6,5419437,1245992,81.29,18.69,5272757,79.09,            Marine group II euryarchaeote REDSEA-S25_B4N5,0,0.0,5418044,81.27,0,0.0,5424071,81.36,40260,0.6100000000000001,39341,0.5800000000000001,37342,0.55,37719,0.53,5342495,80.12000000000003,1811653.0,1811653.0,Archaea,Marine group II euryarchaeote REDSEA-S25_B4N5,58.83,0.27,0.0148187,0.0148187,0.0148187,0.24231577,0.2533915,5418044,0,0,1248623,35,31,7,0.0,unmasked,k=35 conf=0.0
G001508065,G001508175,0.10003373300000001,9.364953227545525,8,6589828,76839,98.85,1.15,6525025,97.88,                Thermococcus sibiricus,0,0.0,6589670,98.85,0,0.0,6590809,98.87,6589120,98.84000000000002,6589551,98.85000000000001,6589548,98.85000000000001,6587432,98.82000000000001,6568990,98.55000000000001,172049.0,172049.0,Archaea,Thermococcus sibiricus,91.58,3.47,0.010187799999999999,0.010187799999999999,0.0101878,0.17170844,0.189246,6589670,0,0,76997,35,31,7,0.0,unmasked,k=35 conf=0.0
G900012635,G001577775,0.086704214,8.188014047759856,8,3304619,3360229,49.57,50.4,2634711,39.52,                Thermococcus chitonophagus,0,0.0,3294124,49.410000000000004,0,0.0,3320989,49.83,3265663,48.99,3265024,48.98,3260785,48.98999999999999,3217888,48.44999999999999,3173199,47.93000000000001,54262.0,54262.0,Archaea,Thermococcus chitonophagus,100.0,0.0,0.109331,0.109331,0.109331,0.2608365,0.263022,3294124,0,0,3372543,35,31,7,0.0,unmasked,k=35 conf=0.0
G001917965,G001918455,0.096826126,9.083643521716084,8,4602577,2062459,69.04,30.94,3788183,56.82,              Thaumarchaeota archaeon 13_1_40CM_4_48_7,0,0.0,4595420,68.93,0,0.0,4403521,66.07000000000001,410134,6.16,411812,6.149999999999999,408054,6.13,406873,6.140000000000001,4496641,67.50000000000001,1805396.0,1805396.0,Archaea,Thaumarchaeota archaeon 13_1_40CM_4_48_7,61.08,0.0,0.0243695,0.0243695,0.0243695,0.24142775,0.2795015,4595420,0,0,2071247,35,31,7,0.0,unmasked,k=35 conf=0.0
G000812185,G001510295,0.09687657400000001,9.088077170404093,8,4375488,2289485,65.63,34.34,2565202,38.48,              Candidatus Nitrosopelagicus brevis,0,0.0,4334749,65.02,0,0.0,4393476,65.89,181996,2.71,535062,8.01,530895,7.999999999999999,4006239,60.07999999999999,3478961,52.26,1410606.0,1410606.0,Archaea,Candidatus Nitrosopelagicus brevis,99.51,0.0,0.156619,0.156619,0.156619,0.21710900000000002,0.21685700000000002,4334749,0,0,2331918,35,31,7,0.0,unmasked,k=35 conf=0.0
G001541925,G001510225,0.100553116,9.410390462841697,8,4748262,1913009,71.22,28.7,1198687,17.98,                Nitrosopumilus sp. Nsub,0,0.0,4701124,70.52,0,0.0,4763776,71.44,204454,3.0500000000000003,4208833,63.13,4204742,62.99,4228644,63.25,4090998,61.06000000000001,1776294.0,1776294.0,Archaea,Nitrosopumilus sp. Nsub,100.0,0.0,0.142009,0.142009,0.133864,0.17918109999999998,0.186761,4701124,0,0,1965543,35,31,7,0.0,unmasked,k=35 conf=0.0
G000405885,G000402095,0.083619359,7.912641060263448,8,6666667,0,100.0,0.0,26858,0.4,              Crenarchaeota archaeon SCGC AAA471-B23,0,0.0,6666667,100.0,0,0.0,6666667,100.0,0,0.0,0,0.0,0,0.0,0,0.0,98183,1.4700000000000002,1052802.0,1052802.0,Archaea,Crenarchaeota archaeon SCGC AAA471-B23,58.03,1.47,0.0211548,0.0211548,0.0163307,0.15772145,0.1600589,6666667,0,0,0,35,31,7,0.0,unmasked,k=35 conf=0.0
G000148385,G001316145,0.09828262300000001,9.211528605978838,8,6008533,611169,90.13,9.17,3926628,58.9,                    Vulcanisaeta distributa DSM 14429,0,0.0,6007446,90.11,0,0.0,6011431,90.16000000000001,6006034,90.07000000000001,6006267,90.05000000000001,6005311,90.02000000000001,6003995,89.91999999999999,5999732,89.83,572478.0,164451.0,Archaea,Vulcanisaeta distributa,99.26,0.74,0.0289561,0.0289561,0.0289561,0.13406763,0.13776,6007446,0,0,659221,35,31,7,0.0,unmasked,k=35 conf=0.0
G000591035,G000011125,0.104570866,9.760814552186226,8,1935625,4723719,29.03,70.86,1474858,22.12,                    Aeropyrum camini SY1 = JCM 12091,0,0.0,1708319,25.62,0,0.0,1734172,26.010000000000005,1682795,25.230000000000004,1670900,25.10000000000001,1716226,25.810000000000002,1710561,25.870000000000008,1869656,28.450000000000003,1198449.0,229980.0,Archaea,Aeropyrum camini,97.15,0.63,0.145727,0.145727,0.145727,0.2494507,0.263022,1708319,0,0,4958348,35,31,7,0.0,unmasked,k=35 conf=0.0
G000745485,G001729285,0.079189925,7.51525671863344,8,5010256,1654311,75.15,24.81,4784102,71.76,                  Methanobacterium veterum,0,0.0,4998700,74.98,0,0.0,5040770,75.55000000000001,4972110,74.57000000000001,4974198,74.56,4970079,74.4,4963864,73.89000000000001,4963063,73.16,408577.0,408577.0,Archaea,Methanobacterium veterum,99.2,0.8,0.05767100000000001,0.05767100000000001,0.057671000000000014,0.24056079999999996,0.263022,4998700,0,0,1667967,35,31,7,0.0,unmasked,k=35 conf=0.0
G000309865,G000302455,0.10256051599999999,9.585708512124405,8,3118806,3545765,46.78,53.19,2207191,33.11,                  Methanobacterium sp. Maddingley MBC34,0,0.0,3098901,46.49,0,0.0,3144168,47.09000000000001,3039615,45.53,3038614,45.53000000000001,3028903,45.220000000000006,3018985,44.519999999999996,2793712,39.86000000000001,1220534.0,1220534.0,Archaea,Methanobacterium sp. Maddingley MBC34,96.53,0.06,0.12100999999999999,0.12100999999999999,0.12101,0.2135984,0.2072505,3098901,0,0,3567766,35,31,7,0.0,unmasked,k=35 conf=0.0
G000430485,G001507935,0.118421872,10.95459504731619,10,5935094,730719,89.03,10.96,3986759,59.8,                Thermococcus sp. PK,0,0.0,5932259,88.98,0,0.0,5935922,89.07,5926343,88.89,5925664,88.86,5925580,88.86000000000001,5916787,88.74000000000001,5671855,85.11999999999999,913025.0,913025.0,Archaea,Thermococcus sp. PK,98.02,1.98,0.032829000000000004,0.032829000000000004,0.032829000000000004,0.17977805,0.189246,5932259,0,0,734408,35,31,7,0.0,unmasked,k=35 conf=0.0
G000246985,G001484685,0.116990121,10.832215509682886,10,5079934,1586502,76.2,23.8,3499912,52.5,                  Thermococcus litoralis DSM 5473,0,0.0,5063250,75.95,0,0.0,5073273,76.11,5041076,75.64000000000001,5039061,75.62,5036639,75.58000000000001,4987593,74.83000000000003,4686716,70.35,523849.0,2265.0,Archaea,Thermococcus litoralis,99.5,0.5,0.080322,0.080322,0.080322,0.179618,0.203604,5063250,0,0,1603417,35,31,7,0.0,unmasked,k=35 conf=0.0
G001647085,G000018365,0.1203173,11.116248631215772,10,3952878,2712685,59.29,40.69,2342142,35.13,                Thermococcus piezophilus,0,0.0,3941577,59.12,0,0.0,3952233,59.290000000000006,3917421,58.79,3913965,58.769999999999996,3910465,58.709999999999994,3900847,58.56,3696028,55.49,1712654.0,1712654.0,Archaea,Thermococcus piezophilus,100.0,1.24,0.0981375,0.0981375,0.0981375,0.17934715,0.182269,3941577,0,0,2725090,35,31,7,0.0,unmasked,k=35 conf=0.0
G001484195,G000221185,0.108425931,10.095289268520649,10,5070426,1595489,76.06,23.93,3342229,50.13,                Thermococcus celericrescens,0,0.0,5060370,75.9,0,0.0,5070726,76.05000000000001,5048670,75.71000000000001,5046121,75.72,5043811,75.73,5038141,75.66,4867835,73.1,227598.0,227598.0,Archaea,Thermococcus celericrescens,98.77,0.99,0.0794837,0.0794837,0.0794837,0.15024937,0.1530845,5060370,0,0,1606297,35,31,7,0.0,unmasked,k=35 conf=0.0
G000151205,G000022365,0.11577045400000001,10.727779508995141,10,4122920,2542268,61.84,38.13,1840196,27.6,                Thermococcus sp. AM4,0,0.0,4111609,61.67,0,0.0,4124342,61.870000000000005,4092284,61.40000000000001,4091907,61.45,4088205,61.370000000000005,4079960,61.330000000000005,3818973,57.42,246969.0,246969.0,Archaea,Thermococcus sp. AM4,100.0,0.0,0.11288699999999999,0.11288699999999999,0.112887,0.1853652,0.2072505,4111609,0,0,2555058,35,31,7,0.0,unmasked,k=35 conf=0.0
G001915065,G001920575,0.109901422,10.22285217082421,10,6382732,283932,95.74,4.26,1891616,28.37,          archaeon 13_2_20CM_2_53_6,0,0.0,6382682,95.74,0,0.0,8098,0.13,2938,0.05,2995,0.05,2985,0.05,2510,0.04,2394468,35.91,1805020.0,1805020.0,Archaea,archaeon 13_2_20CM_2_53_6,74.92,1.94,0.00793,0.00793,0.00793,0.22937007,0.295981,6382682,0,0,283985,35,31,7,0.0,unmasked,k=35 conf=0.0
G000484975,G001510275,0.110106169,10.240533659475332,10,4716481,1947390,70.75,29.21,1773922,26.61,              Thaumarchaeota archaeon SCGC AAA282-K18,0,0.0,4684068,70.25999999999999,0,0.0,4722653,70.84,134388,2.02,2312218,34.65000000000001,2308148,34.61,2316929,34.730000000000004,3869762,57.99999999999999,1298885.0,1298885.0,Archaea,Thaumarchaeota archaeon SCGC AAA282-K18,77.99,0.0,0.11778499999999999,0.11778499999999999,0.117785,0.175824,0.182269,4684068,0,0,1982599,35,31,7,0.0,unmasked,k=35 conf=0.0
G001516705,G001516745,0.112252423,10.425589100762098,10,6195432,453883,92.93,6.81,3634945,54.52,                  Vulcanisaeta sp. JCHS_4,0,0.0,6194570,92.92,0,0.0,6195710,92.93,6193286,92.9,6191763,92.87,6191755,92.87,6180383,92.7,5649160,84.72000000000001,1714253.0,1714253.0,Archaea,Vulcanisaeta sp. JCHS_4,84.36,5.15,0.0359759,0.0359759,0.0359759,0.20683031,0.2369355,6194570,0,0,472097,35,31,7,0.0,unmasked,k=35 conf=0.0
G001315985,G001316265,0.127196258,11.699507921642175,10,5259137,678392,78.89,10.18,4412211,66.18,                    Vulcanisaeta distributa JCM 11216,0,0.0,5258427,78.88,0,0.0,5262408,78.93,5255330,78.82000000000001,5255677,78.80000000000001,5254870,78.74,5252530,78.68999999999998,5238995,78.48,1293043.0,164451.0,Archaea,Vulcanisaeta distributa,90.87,0.0,0.049462599999999995,0.049462599999999995,0.0494626,0.14862926,0.15096500000000002,5258427,0,0,1408240,35,31,7,0.0,unmasked,k=35 conf=0.0
G000214415,G000243455,0.120344429,11.1185593924776,10,3700208,2960303,55.5,44.4,2417028,36.26,                    Methanotorris igneus Kol 5,0,0.0,3662877,54.95,0,0.0,3761171,56.44,3596046,53.97,3598463,53.99,3560144,53.45,3517503,52.879999999999995,3457762,52.26999999999999,880724.0,2189.0,Archaea,Methanotorris igneus,99.52,0.0,0.13097899999999998,0.13097899999999998,0.13097899999999998,0.2322397,0.243761,3662877,0,0,3003790,35,31,7,0.0,unmasked,k=35 conf=0.0
G000022545,G001317345,0.181839762,16.147453868525737,16,2167483,4497221,32.51,67.46,192416,2.89,                  Thermococcus sibiricus MM 739,0,0.0,2152120,32.28,0,0.0,2209407,33.15,2099957,31.54,2098147,31.540000000000003,2090381,31.410000000000007,2071341,31.44,2010875,30.900000000000002,604354.0,172049.0,Archaea,Thermococcus sibiricus,98.51,0.0,0.164662,0.164662,0.159146,0.2211816,0.2205035,2152120,0,0,4514547,35,31,7,0.0,unmasked,k=35 conf=0.0
G000211475,G000195935,0.195864722,17.237767169818003,16,1501074,5164422,22.52,77.47,330435,4.96,                Pyrococcus sp. NA2,0,0.0,1488033,22.32,0,0.0,1515357,22.730000000000004,1448056,21.770000000000003,1446604,21.76000000000001,1440886,21.760000000000005,1385858,21.079999999999995,1307794,20.149999999999995,342949.0,342949.0,Archaea,Pyrococcus sp. NA2,100.0,0.5,0.263022,0.263022,0.219531,0.27981809999999996,0.295981,1488033,0,0,5178634,35,31,7,0.0,unmasked,k=35 conf=0.0
G001592435,G000009965,0.14391295199999998,13.094800314969337,16,4194547,2469941,62.92,37.05,2960466,44.41,                Thermococcus peptonophilus,0,0.0,4181668,62.73,0,0.0,4188341,62.830000000000005,4161006,62.42999999999999,4160868,62.419999999999995,4158505,62.449999999999996,4150623,62.3,3984229,59.849999999999994,53952.0,53952.0,Archaea,Thermococcus peptonophilus,100.0,0.0,0.0882637,0.0882637,0.0882637,0.18446497,0.1976675,4181668,0,0,2484999,35,31,7,0.0,unmasked,k=35 conf=0.0
G000769655,G000816105,0.181418222,16.114366301179672,16,3831941,2833530,57.48,42.5,1747355,26.21,                Thermococcus eurythermalis,0,0.0,3821411,57.32,0,0.0,3829737,57.47,3798259,56.99000000000001,3795020,56.95,3788517,56.81,3779534,56.74,3529600,52.99,1505907.0,1505907.0,Archaea,Thermococcus eurythermalis,100.0,0.0,0.11575899999999999,0.11575899999999999,0.115759,0.17007560000000002,0.1707075,3821411,0,0,2845256,35,31,7,0.0,unmasked,k=35 conf=0.0
G001775965,G001776015,0.196366292,17.27638332673574,16,4358468,2306457,65.38,34.6,3518339,52.78,            Candidatus Bathyarchaeota archaeon RBG_13_60_20,0,0.0,4352266,65.28,0,0.0,4396088,65.95,168396,2.52,163535,2.49,156634,2.4000000000000004,155693,2.6,4320228,65.14,1797380.0,1797380.0,Archaea,Candidatus Bathyarchaeota archaeon RBG_13_60_20,76.13,0.0,0.029517900000000003,0.029517900000000003,0.029517900000000007,0.23825189,0.295981,4352266,0,0,2314401,35,31,7,0.0,unmasked,k=35 conf=0.0
G001593935,G001593925,0.181149847,16.09329128814158,16,1408862,5255147,21.13,78.83,1180613,17.71,            Candidatus Bathyarchaeota archaeon B26-2,0,0.0,1399183,20.99,0,0.0,1413129,21.209999999999997,151343,2.29,145755,2.2800000000000002,137973,2.2,138446,2.2,1355094,20.49000000000001,1779371.0,1779371.0,Archaea,Candidatus Bathyarchaeota archaeon B26-2,92.99,3.81,0.197292,0.197292,0.197292,0.42691590000000007,0.295981,1399183,0,0,5267484,35,31,7,0.0,unmasked,k=35 conf=0.0
G000802205,G001870125,0.19842395699999998,17.434534100928698,16,662965,5999650,9.94,89.99,334783,5.02,                  Candidatus Nitrosocosmicus oleophilus,0,0.0,651909,9.77,0,0.0,715956,10.62,553485,8.26,576344,8.61,570087,8.35,569025,7.609999999999999,598150,6.589999999999999,1353260.0,1353260.0,Archaea,Candidatus Nitrocosmicus oleophilus,98.06,0.97,0.23010999999999998,0.23010999999999998,0.23011,0.28939390000000004,0.295981,651909,0,0,6014758,35,31,7,0.0,unmasked,k=35 conf=0.0
G000723185,G000955905,0.172015736,15.371490985703481,16,988049,5677128,14.82,85.16,168139,2.52,              Thaumarchaeota archaeon N4,0,0.0,969148,14.54,0,0.0,1014942,15.23,173945,2.61,346209,5.209999999999999,340602,5.140000000000001,582941,9.02,794043,12.52,1407055.0,1407055.0,Archaea,Thaumarchaeota archaeon N4,100.0,0.97,0.219531,0.219531,0.219531,0.2699304,0.263022,969148,0,0,5697519,35,31,7,0.0,unmasked,k=35 conf=0.0
G000299395,G000242875,0.18531788100000002,16.419750206338193,16,3283581,3378487,49.25,50.68,565743,8.49,                Candidatus Nitrosopumilus sediminis,0,0.0,3257443,48.86,0,0.0,3341582,50.12,276563,4.11,2493029,37.39000000000001,2484953,37.31000000000001,2468910,37.11,2461570,37.12999999999999,1229909.0,1229909.0,Archaea,Candidatus Nitrosopumilus sediminis,97.09,0.0,0.178173,0.178173,0.151946,0.1849905,0.189246,3257443,0,0,3409224,35,31,7,0.0,unmasked,k=35 conf=0.0
G000193375,G000253055,0.21257835,18.510752317560975,16,1143035,5513539,17.15,82.7,141412,2.12,                    Thermoproteus uzoniensis 768-20,0,0.0,1128800,16.93,0,0.0,1173582,17.64,1088896,16.369999999999997,1078649,16.25,1067562,16.11,1047259,16.189999999999998,1014583,16.310000000000002,999630.0,184117.0,Archaea,Thermoproteus uzoniensis,100.0,0.0,0.23010999999999998,0.23010999999999998,0.203604,0.2664163,0.2795015,1128800,0,0,5537867,35,31,7,0.0,unmasked,k=35 conf=0.0
G001940705,G001563335,0.23723961600000001,20.338007878009748,20,567406,6097871,8.51,91.47,386197,5.79,          Candidatus Thorarchaeota archaeon AB_25,0,0.0,563997,8.46,0,0.0,600709,8.96,118467,1.7299999999999998,119634,1.7,113527,1.44,112227,0.9600000000000001,536826,6.6,1837170.0,1837170.0,Archaea,Candidatus Thorarchaeota archaeon AB_25,90.12,3.19,0.21089699999999997,0.21089699999999997,0.210897,0.2874726,0.295981,563997,0,0,6102670,35,31,7,0.0,unmasked,k=35 conf=0.0
G000725425,G002009975,0.25003677399999996,21.262786614609386,20,1183606,5479866,17.75,82.2,196108,2.94,                  Palaeococcus pacificus DY20341,0,0.0,1171396,17.57,0,0.0,1253761,18.79,1111926,16.65,1109274,16.629999999999995,1101578,16.389999999999997,1075818,15.729999999999997,1046014,14.469999999999999,1343739.0,971279.0,Archaea,Palaeococcus pacificus,99.5,0.5,0.21089699999999997,0.21089699999999997,0.210897,0.22738350000000002,0.23011,1171396,0,0,5495271,35,31,7,0.0,unmasked,k=35 conf=0.0
G000007305,G000215995,0.23182745600000002,19.942128624968166,20,1935495,4729527,29.03,70.94,1,0.0,                  Pyrococcus furiosus DSM 3638,0,0.0,1919706,28.79,0,0.0,1933293,29.020000000000003,1870233,28.07,1862214,27.959999999999997,1853515,27.830000000000002,1809907,27.360000000000003,1621452,24.830000000000002,186497.0,2261.0,Archaea,Pyrococcus furiosus,99.5,0.0,0.295981,0.295981,0.210897,0.24091,0.243761,1919706,0,0,4746961,35,31,7,0.0,unmasked,k=35 conf=0.0
G000265525,G000966265,0.288332829,23.937807961293544,20,2244457,4421398,33.67,66.32,142300,2.13,                Thermococcus cleftensis,0,0.0,2224878,33.37,0,0.0,2250394,33.74,2188461,32.84,2178224,32.67,2168684,32.58,2148740,32.16000000000001,1931847,28.72,163003.0,163003.0,Archaea,Thermococcus cleftensis,100.0,0.0,0.243761,0.243761,0.17440799999999998,0.2043296,0.210897,2224878,0,0,4441789,35,31,7,0.0,unmasked,k=35 conf=0.0
G000019805,G001189275,0.206485765,18.04999599585755,16,1471788,5187628,22.08,77.81,183357,2.75,                    Pyrobaculum neutrophilum V24Sta,0,0.0,1455120,21.83,0,0.0,1537704,23.040000000000003,1409992,21.180000000000007,1397481,21.01,1386104,20.840000000000003,1360321,20.949999999999996,1299143,20.6,444157.0,70771.0,Archaea,Pyrobaculum neutrophilum,100.0,0.0,0.295981,0.295981,0.197292,0.2775942,0.295981,1455120,0,0,5211547,35,31,7,0.0,unmasked,k=35 conf=0.0
G000190315,G001316025,0.20227703,17.729514321774325,16,2692848,3618098,40.39,54.27,413169,6.2,                    Vulcanisaeta moutnovskia 768-28,0,0.0,2687521,40.32,0,0.0,2703995,40.55,2674391,40.089999999999996,2672911,40.06,2671941,39.97,2666324,39.55,2592650,38.160000000000004,985053.0,985052.0,Archaea,Vulcanisaeta moutnovskia,100.0,0.74,0.23010999999999998,0.23010999999999998,0.12571500000000002,0.1945432,0.1976675,2687521,0,0,3979146,35,31,7,0.0,unmasked,k=35 conf=0.0
G001462395,G001412615,0.207962275,18.16200204153426,16,536852,6126004,8.05,91.89,183102,2.75,                  Pyrodictium occultum,0,0.0,529141,7.94,0,0.0,566938,8.53,497569,7.539999999999999,491728,7.519999999999998,479455,7.460000000000001,459515,7.589999999999998,464046,8.209999999999997,2309.0,2309.0,Archaea,Pyrodictium occultum,98.1,0.63,0.243761,0.243761,0.243761,0.2742795,0.263022,529141,0,0,6137526,35,31,7,0.0,unmasked,k=35 conf=0.0
G000747605,G001315825,0.199554622,17.521251728781547,16,617429,6043653,9.26,90.65,152259,2.28,                  Metallosphaera sedula,0,0.0,608539,9.13,0,0.0,642094,9.559999999999999,582288,8.709999999999999,579679,8.669999999999998,575944,8.489999999999998,550960,7.869999999999998,548578,7.399999999999999,43687.0,43687.0,Archaea,Metallosphaera sedula,100.0,0.0,0.23010999999999998,0.23010999999999998,0.23011,0.24135340000000002,0.23011,608539,0,0,6058128,35,31,7,0.0,unmasked,k=35 conf=0.0
G001316085,G001316045,0.19335309,17.044006283714673,16,962500,5662208,14.44,84.93,341663,5.12,                  Sulfolobus sp. JCM 16833,0,0.0,949397,14.25,0,0.0,1004456,15.100000000000001,907377,13.62,909423,13.689999999999996,906899,13.81,884643,13.669999999999998,899364,14.04,1294262.0,1294262.0,Archaea,Sulfolobus sp. JCM 16833,98.21,0.0,0.19173099999999998,0.19173099999999998,0.191731,0.2403847,0.2533915,949397,0,0,5717270,35,31,7,0.0,unmasked,k=35 conf=0.0
G000179575,G000017185,0.22679897300000001,19.571744940089523,20,2109311,4548237,31.64,68.22,507585,7.61,                    Methanothermococcus okinawensis IH1,0,0.0,2041286,30.62,0,0.0,2250257,33.83,1875645,28.15,1882006,28.28,1847628,27.790000000000003,1818416,27.45,1661649,25.54,647113.0,155863.0,Archaea,Methanothermococcus okinawensis,99.05,0.0,0.23010999999999998,0.23010999999999998,0.167688,0.2384071,0.2533915,2041286,0,0,4625381,35,31,7,0.0,unmasked,k=35 conf=0.0
G000402355,G000830275,0.661411409,43.949769406624405,40,360146,6302090,5.4,94.53,26215,0.39,              Candidatus Iainarchaeum andersonii SCGC AAA011-E11,0,0.0,355550,5.33,0,0.0,326294,4.9,213116,3.1999999999999997,207836,3.13,192919,2.9000000000000004,219716,3.35,290689,4.4399999999999995,1104576.0,1462419.0,Archaea,Candidatus Iainarchaeum andersonii,90.19,0.0,1.0,1.0,0.263022,0.2926851,0.295981,355550,0,0,6311117,35,31,7,0.0,unmasked,k=35 conf=0.0
G001515205,G001515215,0.49043662200000004,35.99957211279284,40,327197,6334701,4.91,95.02,50577,0.76,            Hadesarchaea archaeon YNP_45,0,0.0,320607,4.8100000000000005,0,0.0,410215,6.139999999999999,316005,4.75,205949,3.1,198579,3.0100000000000002,195660,2.98,265846,4.050000000000001,1776334.0,1776334.0,Archaea,Hadesarchaea archaeon YNP_45,89.72,1.87,0.295981,0.295981,0.295981,0.295981,0.295981,320607,0,0,6346060,35,31,7,0.0,unmasked,k=35 conf=0.0
G001399805,G001399795,0.53153119,38.07902343210209,40,291754,6373157,4.38,95.6,74916,1.12,            Candidatus Bathyarchaeota archaeon BA1,0,0.0,286024,4.29,0,0.0,359205,5.41,136451,2.06,136333,2.12,130205,2.13,128576,2.2,246089,4.1,1700835.0,1700835.0,Archaea,Candidatus Bathyarchaeota archaeon BA1,91.59,2.8,1.0,1.0,0.295981,0.295981,0.295981,286024,0,0,6380643,35,31,7,0.0,unmasked,k=35 conf=0.0
G000399825,G000375685,0.577436206,40.271066005465514,40,606811,6051745,9.1,90.78,1,0.0,              Crenarchaeota archaeon SCGC AAA471-L14,0,0.0,595628,8.93,0,0.0,693387,10.37,442731,6.62,441300,6.63,430805,6.51,421062,6.33,463281,6.95,1052805.0,1052805.0,Archaea,Crenarchaeota archaeon SCGC AAA471-L14,57.35,1.47,1.0,1.0,0.295981,0.295981,0.295981,595628,0,0,6071039,35,31,7,0.0,unmasked,k=35 conf=0.0
G000092185,G000264495,0.525434874,37.77769115979919,40,586241,6075468,8.79,91.13,20275,0.3,                    Thermosphaera aggregans DSM 11486,0,0.0,577152,8.66,0,0.0,630492,9.46,536851,8.05,514281,7.77,503871,7.65,490218,7.53,485936,7.629999999999999,633148.0,54254.0,Archaea,Thermosphaera aggregans,98.73,0.0,1.0,1.0,0.263022,0.2893892,0.295981,577152,0,0,6089515,35,31,7,0.0,unmasked,k=35 conf=0.0
G000015145,G000223395,0.580348636,40.405665281323095,40,297407,6364780,4.46,95.47,34588,0.52,                    Hyperthermus butylicus DSM 5456,0,0.0,291606,4.37,0,0.0,311114,4.68,256360,3.92,251318,3.869999999999999,239358,3.8499999999999996,226130,3.9400000000000004,236490,4.430000000000001,415426.0,54248.0,Archaea,Hyperthermus butylicus,98.73,1.42,0.243761,0.243761,0.243761,0.2690575,0.263022,291606,0,0,6375061,35,31,7,0.0,unmasked,k=35 conf=0.0
G000144915,G000317795,0.518015074,37.407620830046405,40,713587,5945484,10.7,89.18,6293,0.09,                    Acidilobus saccharovorans 345-15,0,0.0,690700,10.36,0,0.0,747744,11.249999999999998,567620,8.520000000000001,579457,8.780000000000001,573559,8.690000000000001,559840,8.739999999999998,586721,9.76,666510.0,242703.0,Archaea,Acidilobus saccharovorans,99.37,0.0,0.263022,0.263022,0.263022,0.2926851,0.295981,690700,0,0,5975967,35,31,7,0.0,unmasked,k=35 conf=0.0
G000011205,G000389735,0.514743202,37.243265988275176,40,635472,6024022,9.53,90.36,11390,0.17,                    Sulfurisphaera tokodaii str. 7,0,0.0,622639,9.34,0,0.0,656262,9.860000000000001,585611,8.849999999999998,561811,8.479999999999999,551326,8.41,518516,8.100000000000001,530739,8.5,273063.0,111955.0,Archaea,Sulfolobus tokodaii,100.0,0.0,1.0,1.0,0.243761,0.2874631,0.295981,622639,0,0,6044028,35,31,7,0.0,unmasked,k=35 conf=0.0
G001723855,G001723845,0.50293281,36.643997535823466,40,1382787,5276225,20.74,79.14,121036,1.82,              Candidatus Altiarchaeales archaeon WOR_SM1_86-2,0,0.0,1362280,20.43,0,0.0,1459793,21.82,357194,5.33,1264023,18.91,351602,5.050000000000001,379538,4.57,1180355,14.55,1849364.0,1849364.0,Archaea,Candidatus Altiarchaeales archaeon WOR_SM1_86-2,76.88,3.12,0.164662,0.164662,0.147707,0.26472579999999996,0.295981,1362280,0,0,5304387,35,31,7,0.0,unmasked,k=35 conf=0.0
G900095815,G000166095,0.488043988,35.87495511019269,40,1098413,5557459,16.48,83.36,1751,0.03,                  Methanothermobacter wolfeii,0,0.0,1063242,15.940000000000001,0,0.0,1426389,21.43,892439,13.369999999999997,890498,13.38,867908,13.030000000000001,827464,12.48,842800,12.870000000000001,145261.0,145261.0,Archaea,Methanothermobacter wolfeii,100.0,0.0,0.295981,0.295981,0.263022,0.263022,0.263022,1063242,0,0,5603425,35,31,7,0.0,unmasked,k=35 conf=0.0
G001871415,G000830295,0.9247209890000001,53.142878507493016,60,361072,6302071,5.42,94.53,3912,0.06,          Candidatus Woesearchaeota archaeon CG1_02_57_44,0,0.0,351171,5.2700000000000005,0,0.0,358710,5.35,260797,3.9000000000000004,256319,3.8300000000000005,242962,3.630000000000001,238369,3.54,286122,4.22,1805424.0,1805424.0,Archaea,Candidatus Woesearchaeota archaeon CG1_02_57_44,79.91,0.0,1.0,1.0,0.295981,0.295981,0.295981,351171,0,0,6315496,35,31,7,0.0,unmasked,k=35 conf=0.0
G001940725,G001940645,0.9661817509999999,54.31837181544367,60,489140,6169122,7.34,92.54,3526,0.05,          Candidatus Heimdallarchaeota archaeon LC_2,0,0.0,478826,7.180000000000001,0,0.0,473706,7.049999999999999,385567,5.75,390942,5.7700000000000005,381203,5.4399999999999995,372879,4.690000000000001,414505,3.22,1841597.0,1841597.0,Archaea,Candidatus Heimdallarchaeota archaeon LC_2,72.43,4.21,1.0,1.0,0.295981,0.295981,0.295981,478826,0,0,6187841,35,31,7,0.0,unmasked,k=35 conf=0.0
G001563325,G001940655,1.023133348,55.83069472459344,60,188790,6474936,2.83,97.12,552,0.01,          Candidatus Thorarchaeota archaeon SMTZ1-83,0,0.0,185814,2.7800000000000002,0,0.0,181323,2.6900000000000004,139551,2.06,138904,2.04,132605,1.86,130321,1.08,152766,0.54,1706445.0,1706445.0,Archaea,Candidatus Thorarchaeota archaeon SMTZ1-83,90.19,6.54,1.0,1.0,0.295981,0.295981,0.295981,185814,0,0,6480853,35,31,7,0.0,unmasked,k=35 conf=0.0
G001717015,G001940665,0.939711685,53.57541273324205,60,365063,6295772,5.48,94.44,1580,0.02,                  Candidatus Methanosuratus petracarbonis,0,0.0,358330,5.37,0,0.0,382636,5.8100000000000005,267514,4.010000000000001,265416,4.0200000000000005,249573,3.8800000000000003,246737,4.0600000000000005,289607,5.12,1867261.0,1867261.0,Archaea,Candidatus Methanosuratus petracarbonis,91.59,0.0,1.0,1.0,0.295981,0.295981,0.295981,358330,0,0,6308337,35,31,7,0.0,unmasked,k=35 conf=0.0
G000270325,G002011075,0.958954167,54.118104124317036,60,277052,6386814,4.16,95.8,1327,0.02,              Candidatus Caldiarchaeum subterraneum,0,0.0,268992,4.04,0,0.0,275200,4.180000000000001,204874,3.0700000000000003,204272,3.0900000000000003,198078,3.04,195005,3.27,220192,4.220000000000001,311458.0,311458.0,Archaea,Candidatus Caldiarchaeum subterraneum,98.06,0.0,1.0,1.0,0.295981,0.295981,0.295981,268992,0,0,6397675,35,31,7,0.0,unmasked,k=35 conf=0.0
G000993805,G000019605,1.0802482070000001,57.23629783867874,60,246191,6419779,3.69,96.3,1668,0.03,                  Thermofilum uzonense,0,0.0,242255,3.63,0,0.0,255314,3.84,192722,2.91,187999,2.8800000000000003,180978,2.8500000000000005,181280,2.99,188989,3.3,1550241.0,1550241.0,Archaea,Thermofilum uzonense,98.53,0.74,1.0,1.0,0.295981,0.295981,0.295981,242255,0,0,6424412,35,31,7,0.0,unmasked,k=35 conf=0.0
G002011125,G000007185,0.97194198,54.476604618762956,60,537366,6124168,8.06,91.86,437,0.01,        Candidatus Hydrothermarchaeota archaeon JdFR-18,0,0.0,526634,7.9,0,0.0,614333,9.2,464611,6.980000000000001,438982,6.59,411975,6.210000000000001,401190,6.39,417936,7.43,1935129.0,1935129.0,Archaea,Candidatus Hydrothermarchaeota archaeon JdFR-18,98.13,1.87,1.0,1.0,0.295981,0.295981,0.295981,526634,0,0,6140033,35,31,7,0.0,unmasked,k=35 conf=0.0
G000008265,G001856825,0.9844275579999999,54.81543837512704,60,339656,6274200,5.09,94.11,2286,0.03,                    Picrophilus torridus DSM 9790,0,0.0,332993,4.99,0,0.0,346547,5.23,264378,3.9899999999999998,262968,4.029999999999999,162796,2.62,167945,2.88,266408,4.68,263820.0,82076.0,Archaea,Picrophilus torridus,99.59,0.0,1.0,1.0,0.203604,0.24536950000000002,0.243761,332993,0,0,6333674,35,31,7,0.0,unmasked,k=35 conf=0.0
G001800815,G001595885,0.913006051,52.798791769313034,60,645726,6013060,9.69,90.2,5103,0.08,            Euryarchaeota archaeon RBG_19FT_COMBO_56_21,0,0.0,629848,9.45,0,0.0,749950,11.27,477353,7.1499999999999995,444622,6.7,400598,6.090000000000001,396196,6.0600000000000005,489885,7.5600000000000005,1797983.0,1797983.0,Archaea,Euryarchaeota archaeon RBG_19FT_COMBO_56_21,92.8,0.8,0.295981,0.295981,0.295981,0.295981,0.295981,629848,0,0,6036819,35,31,7,0.0,unmasked,k=35 conf=0.0
G001766815,G001914405,1.06378851,56.842141657509316,60,497157,6164744,7.46,92.47,787,0.01,                    Candidatus Syntrophoarchaeum caldarius,0,0.0,480662,7.21,0,0.0,552762,8.339999999999998,392139,5.879999999999999,393803,5.94,375531,5.880000000000001,369699,6.390000000000001,399583,7.75,1838285.0,1838285.0,Archaea,Candidatus Syntrophoarchaeum caldarius,96.08,0.33,0.295981,0.295981,0.295981,0.295981,0.295981,480662,0,0,6186005,35,31,7,0.0,unmasked,k=35 conf=0.0
G000173675,G000173675,0.0,0.0,0,6666667,0,100.0,0.0,6492461,97.39,                      Capnocytophaga sputigena ATCC 33612,0,0.0,6666667,100.0,0,0.0,6666594,100.0,6665412,99.98,6665139,99.98,6665136,99.98,6664890,99.97,6493691,97.4,553177.0,1019.0,Bacteria,Capnocytophaga sputigena,99.52,0.0,1.0,0.0,0.07095139999999997,0.16283083999999998,0.17104799999999998,6666667,0,0,0,35,31,7,0.0,unmasked,k=35 conf=0.0
G000307305,G000307305,0.0,0.0,0,6666667,0,100.0,0.0,6660370,99.91,                  Enterobacteriaceae bacterium B14,0,0.0,6666667,100.0,0,0.0,6665822,99.99,6665389,99.98,6664079,99.96,6660774,99.91,189,0.0,6660565,99.91,1214065.0,1214065.0,Bacteria,Enterobacteriaceae bacterium B14,99.81,0.0,1.0,0.0,0.23011,0.23011,0.23011,6666667,0,0,0,35,31,7,0.0,unmasked,k=35 conf=0.0
G000421185,G000421185,0.0,0.0,0,6666665,2,100.0,0.0,6651453,99.77,                    Ornithinimicrobium pekingense DSM 21552,0,0.0,6666665,100.0,0,0.0,6666398,100.0,6666373,100.0,6660586,99.9,6656935,99.85,6652080,99.77,6652017,99.77,1122622.0,384677.0,Bacteria,Ornithinimicrobium pekingense,99.45,0.55,1.0,0.0,0.161822,0.1993419,0.2072505,6666665,0,0,2,35,31,7,0.0,unmasked,k=35 conf=0.0
G000422285,G000422285,0.0,0.0,0,6666667,0,100.0,0.0,6630568,99.46,                    Desulfatiglans anilini DSM 4660,0,0.0,6666667,100.0,0,0.0,6660699,99.91,6660346,99.9,6631372,99.47,6631252,99.46,6630947,99.46,6630966,99.46,1121399.0,90728.0,Bacteria,Desulfatiglans anilini,99.35,0.65,1.0,0.0,0.219531,0.2416559,0.2369355,6666667,0,0,0,35,31,7,0.0,unmasked,k=35 conf=0.0
G000770635,G000770635,0.0,0.0,0,6666667,0,100.0,0.0,6663208,99.95,                    Pontibacillus yanchengensis Y32,0,0.0,6666588,100.0,0,0.0,6665440,99.98,6665177,99.98,6665024,99.97,6664951,99.97,6664467,99.97,6663264,99.95,1385514.0,462910.0,Bacteria,Pontibacillus yanchengensis,99.33,1.01,1.0,0.0,0.243761,0.2775754,0.2795015,6666588,0,0,79,35,31,7,0.0,unmasked,k=35 conf=0.0
G001004105,G001004105,0.0,0.0,0,6666667,0,100.0,0.0,1136218,17.04,                Candidatus Jorgensenbacteria bacterium GW2011_GWB1_50_10,0,0.0,6666667,100.0,0,0.0,6280900,94.21,0,0.0,0,0.0,0,0.0,0,0.0,1136933,17.04,1618665.0,1618665.0,Bacteria,Candidatus Jorgensenbacteria bacterium GW2011_GWB1_50_10,77.01,0.0,1.0,0.0,0.00537869,0.25014966899999996,0.295981,6666667,0,0,0,35,31,7,0.0,unmasked,k=35 conf=0.0
G001679155,G001679155,0.0,0.0,0,6666665,2,100.0,0.0,6283604,94.25,                Moraxella nonliquefaciens,0,0.0,6666665,100.0,0,0.0,6666209,99.99,6664711,99.97,6660343,99.9,6660336,99.9,6658898,99.88,6286428,94.28,478.0,478.0,Bacteria,Moraxella nonliquefaciens,96.85,0.41,1.0,0.0,0.0158335,0.11528935,0.12571500000000002,6666665,0,0,2,35,31,7,0.0,unmasked,k=35 conf=0.0
G001685465,G001685465,0.0,0.0,0,6666667,0,100.0,0.0,6555924,98.34,                Vibrio scophthalmi,0,0.0,6666610,100.0,0,0.0,6663996,99.96,6662718,99.94,6609129,99.13,6609087,99.13,6588055,98.81,6557114,98.34,45658.0,45658.0,Bacteria,Vibrio scophthalmi,99.93,0.88,1.0,0.0,0.17440799999999998,0.1871236,0.186761,6666610,0,0,57,35,31,7,0.0,unmasked,k=35 conf=0.0
G001887595,G001887595,0.0,0.0,0,6666621,3,100.0,0.0,0,0.0,,0,0.0,6666621,100.0,0,0.0,6665946,99.99,6665588,99.98,6664880,99.97,6664002,99.96,6660768,99.91,6655570,99.83,1006551.0,1134687.0,Bacteria,Klebsiella michiganensis,99.66,1.08,1.0,0.0,0.159146,0.19785260000000002,0.203604,6666621,0,0,46,35,31,7,0.0,unmasked,k=35 conf=0.0
G900156635,G900156635,0.0,0.0,0,6666666,1,100.0,0.0,6663340,99.95,                Neptunomonas antarctica,0,0.0,6666666,100.0,0,0.0,6666617,100.0,6666557,100.0,6665455,99.98,6665179,99.98,6664593,99.97,6663399,99.95,619304.0,619304.0,Bacteria,Neptunomonas antarctica,100.0,1.5,1.0,0.0,0.210897,0.274289,0.2795015,6666666,0,0,1,35,31,7,0.0,unmasked,k=35 conf=0.0
